number,school,team,exhibition,city,state,track,rank,total,Anatomy and Physiology,Astronomy,Boomilever (Trial),Brainrot (Trial),Bungee Drop (Trial),Chemistry Lab,Circuit Lab,Clash Royale Royale (Trial),Codebusters,Designer Genes,Disease Detectives,Dynamic Planet,Electric Vehicle (Trial),Engineering CAD,Entomology,Experimental Design,Fermi Questions (Trial),Forensics,Fossils (Trial),Helicopter (Trial),Hovercraft (Trial),Machines,Materials Science,Ornithology (Trial),Protein Modeling (Trial),Remote Sensing,Robot Tour (Trial),Rocks and Minerals,Water Quality
343,West Windsor-Plainsboro High School South,A,,West Windsor,NJ,,1,246,8,15,7,360,6,30,3,360,14,6,15,36,3,27,10,1,360,12,360,20,22,1,16,360,360,18,3,30,4
195,Monta Vista High School,Aqua,,Cupertino,CA,,2,323,119,6,360,360,360,11,6,360,2,60,1,8,360,18,8,7,360,2,360,360,360,3,39,360,360,3,360,6,24
284,Seven Lakes High School,Blue,,Katy,TX,,3,329,4,9,360,105,6,29,66,91,54,4,3,22,360,47,1,15,33,1,18,360,360,24,20,360,360,5,360,24,1
316,Temple City High School,Gold,,Temple City,CA,,4,394,42,2,28,28,5,22,25,40,24,23,33,15,2,13,9,17,23,18,60,2,7,50,26,360,360,38,360,15,22
285,Seven Lakes High School,Orange,,Katy,TX,,5,402,11,21,360,149,360,55,43,360,6,19,23,10,14,17,24,4,1,14,360,360,360,8,80,360,3,12,360,38,17
319,The Frazer School,All In,,Gainesville,FL,,6,536,23,19,360,12,360,14,11,104,53,1,36,3,360,14,66,111,2,34,360,360,360,5,38,360,360,8,360,13,87
315,Syosset High School,Varsity,,Syosset,NY,,7,540,28,20,360,92,360,32,14,360,48,50,11,35,360,82,7,29,360,20,360,360,360,22,44,360,360,32,34,7,59
211,New Trier Township High School,Bobsledding,,Winnetka,IL,,8,621,40,26,13,23,361,34,144,48,3,50,41,53,1,51,6,19,360,5,360,360,3,67,45,360,360,13,2,11,13
143,Jericho High School,A,,Jericho,NY,,9,674,55,11,6,68,45,25,39,24,7,17,100,49,6,104,15,79,15,22,7,360,360,29,61,26,14,35,360,23,3
324,University High School,Kingbird,,Irvine,CA,,10,685,60,8,39,98,16,52,46,360,44,70,60,42,21,23,12,27,360,51,1,28,17,13,35,25,360,89,34,1,52
323,University High School,Bluebird,,Irvine,CA,,11,693,35,64,14,90,32,98,13,42,76,21,5,5,11,50,19,33,360,37,360,55,6,14,165,360,360,22,17,9,27
220,Obra D. Tompkins High School,A,,Katy,TX,,12,730,26,75,36,15,360,59,10,34,17,8,54,1,359,70,49,95,4,48,30,44,360,48,2,14,4,2,10,158,8
215,North Hollywood High School,,,North Hollywood,CA,,13,786,1,176,360,360,37,9,22,360,38,15,35,13,361,21,69,41,360,70,360,360,360,44,21,360,360,67,360,3,141
306,Stuyvesant High School,A,,New York,NY,,14,793,15,33,5,19,360,47,56,5,5,22,42,29,360,2,3,360,19,15,360,360,360,45,68,360,5,14,360,25,12
266,Portola High School,A,,Irvine,CA,,15,794,17,30,40,360,27,17,76,95,33,13,44,18,9,359,53,14,360,11,360,25,360,23,15,360,360,61,34,4,6
212,New Trier Township High School,Curling,,Winnetka,IL,,16,795,232,13,35,142,2,88,28,19,22,45,72,87,360,16,61,2,360,33,360,360,19,12,47,1,9,16,360,14,7
348,Westview High School,Captain Barnacles,,San Diego,CA,,17,816,45,97,360,67,360,109,8,13,8,41,32,137,360,34,26,21,29,40,9,360,360,17,42,9,360,71,360,35,53
11,American High School,Blue,,Fremont,CA,,18,823,20,32,29,360,360,65,9,360,28,76,6,96,360,4,5,238,68,85,360,360,360,18,37,360,360,40,360,32,32
181,Madison West High School,A,,Madison,WI,,19,825,36,3,360,360,360,8,4,70,21,70,74,19,360,36,21,3,360,16,360,360,360,20,29,360,360,360,360,20,85
132,Glen A. Wilson High School,Cardinal,,Hacienda Heights,CA,,20,845,156,38,360,360,360,45,92,360,23,12,22,28,360,39,13,12,360,44,6,360,360,96,146,360,360,47,34,12,20
83,Davidson Academy,C,,Reno,NV,,21,902,91,24,52,141,360,2,18,360,50,90,56,79,360,43,113,57,7,130,8,49,360,38,8,360,1,63,34,2,38
175,Lynbrook High School,Blue,,San Jose,CA,,22,907,360,67,41,118,3,31,16,360,25,33,19,6,7,24,38,73,360,57,12,16,2,34,72,360,360,24,7,5,23
203,Mountain House High School,Sapphire,,Mountain House,CA,,23,918,69,53,360,360,360,89,5,360,27,151,4,100,360,71,17,6,23,52,10,11,360,7,115,4,11,37,360,47,68
1,Advanced Technologies Academy,Purple,,Las Vegas,NV,,24,929,88,23,360,360,360,85,82,360,16,186,103,44,360,7,14,10,360,27,13,360,360,58,57,16,360,43,360,39,47
43,Boca Raton Community High School,1,,Boca Raton,FL,,25,961,64,81,360,360,360,86,85,360,67,125,29,24,360,9,63,36,48,13,11,360,360,92,69,360,360,68,360,16,34
38,BASIS Independent Silicon Valley,Gold,,San Jose,CA,,26,971,72,43,45,360,360,7,38,360,80,125,25,41,12,65,74,44,360,32,360,360,1,68,4,360,360,39,360,106,108
176,Lynbrook High School,Red,,San Jose,CA,,27,1015,134,36,34,360,4,3,68,17,114,137,83,33,8,170,18,8,360,38,360,360,23,37,25,360,360,15,13,32,64
267,Portola High School,B,,Irvine,CA,,28,1052,41,191,43,360,360,50,27,360,46,40,59,27,360,89,104,18,360,3,360,360,360,90,39,360,360,83,360,80,65
186,Marquette University High School,,,Milwaukee,WI,,29,1072,9,5,12,18,360,51,64,43,1,44,2,23,360,359,34,61,4,17,5,360,360,86,58,360,360,73,34,8,177
241,Palo Alto High School,Green,,Palo Alto,CA,,30,1076,33,1,360,20,360,42,17,54,18,360,40,37,360,359,59,5,360,6,360,9,360,9,13,360,360,21,360,31,25
275,River Hill High School,A,,Clarksville,MD,,31,1086,22,46,360,360,360,90,62,73,177,38,70,16,360,45,63,86,360,112,360,360,360,11,102,360,360,56,360,85,5
171,Liberal Arts and Science Academy,Proton,,Austin,TX,,32,1094,10,10,360,360,360,69,35,360,11,25,64,107,360,10,109,360,360,10,360,18,8,35,53,360,360,54,360,17,115
17,Archimedean Upper Conservatory,Alpha,,Miami,FL,,33,1169,86,37,27,45,360,41,168,59,26,84,20,116,360,81,84,25,60,36,25,42,360,32,223,19,360,48,360,21,41
144,Jericho High School,B,,Jericho,NY,,34,1186,148,7,20,85,43,49,32,20,45,57,94,103,27,63,83,143,53,60,51,360,5,16,27,360,360,30,360,158,71
21,Ardrey Kell High School,Purple Knights,,Charlotte,NC,,35,1191,106,45,360,46,360,84,58,85,62,68,51,26,360,160,78,42,68,93,48,31,360,25,92,360,17,72,360,92,37
14,Arcadia High School,1,,Arcadia,CA,,36,1197,32,17,30,360,360,5,160,47,12,30,38,52,360,360,50,23,29,61,360,34,360,41,127,360,360,78,360,63,48
31,BASIS Chandler,Falcons,,Chandler,AZ,,37,1248,49,49,360,360,360,111,148,360,63,28,10,39,360,31,248,105,360,80,360,360,360,15,91,360,360,126,360,22,33
52,Brooklyn Technical High School,B,,Brooklyn,NY,,38,1261,30,139,31,68,33,97,55,2,31,36,21,58,360,155,113,20,360,69,22,5,360,59,138,360,360,45,14,65,130
304,Staten Island Technical High School,A,,Staten Island,NY,,39,1263,145,22,360,360,360,94,74,360,91,57,105,85,360,99,57,46,360,66,360,360,360,64,56,360,360,75,9,72,55
146,John Jay High School,A,,Hopewell Junction,NY,,40,1287,25,48,360,22,360,104,154,14,10,70,9,89,360,57,237,59,8,74,360,360,360,81,106,360,360,69,360,53,42
242,Palo Alto High School,White,,Palo Alto,CA,,41,1300,39,69,360,51,360,100,72,64,19,89,147,47,360,5,67,82,360,47,360,7,360,61,76,28,360,147,360,114,119
313,Syosset High School,Jr Varsity,,Syosset,NY,,42,1300,132,18,360,360,360,60,97,360,111,106,17,43,360,6,72,193,360,55,360,360,360,51,62,360,360,95,360,76,106
352,Westview High School,Deep Fried Butter,,Portland,OR,,43,1303,73,25,360,115,360,141,45,360,78,25,137,65,360,124,115,37,360,139,360,360,360,84,88,360,360,10,18,59,58
111,Fairfax High School,Blue,,Fairfax,VA,,44,1321,89,31,22,117,360,78,195,360,42,87,149,143,360,59,11,30,360,31,360,360,360,127,170,360,360,20,360,43,16
133,Glen A. Wilson High School,Gold,,Hacienda Heights,CA,,45,1336,52,98,360,360,360,116,106,360,29,36,76,110,360,12,69,24,8,59,360,360,360,105,195,360,360,128,360,49,72
282,Scarsdale High School,,,Scarsdale,NY,,46,1350,12,56,360,360,360,4,73,360,133,151,101,2,360,110,2,62,360,65,360,40,360,21,254,360,360,181,360,53,70
66,Castro Valley High School,,,Castro Valley,CA,,47,1378,14,143,8,87,22,230,33,360,41,90,34,40,360,15,55,38,360,111,21,4,360,143,144,360,360,177,360,34,36
12,American High School,Red,,Fremont,CA,,48,1382,83,42,360,31,360,16,70,360,68,125,53,179,360,41,68,88,360,102,360,360,360,79,105,360,360,109,360,93,61
307,Stuyvesant High School,B,,New York,NY,,49,1389,360,92,360,70,360,1,24,32,64,14,360,94,360,100,25,9,21,30,360,360,360,19,1,360,360,77,360,79,40
141,Irvine High School,Indigo,,Irvine,CA,,50,1396,137,86,360,84,360,40,96,10,95,18,37,38,360,133,125,135,360,88,360,360,360,26,18,15,8,65,34,214,45
349,Westview High School,Kwazii,,San Diego,CA,,51,1416,29,28,360,14,360,171,21,65,108,123,61,68,360,33,124,93,27,67,32,360,360,33,126,21,360,52,360,110,169
32,BASIS Chandler,Jayhawks,,Chandler,AZ,,52,1456,38,157,360,360,360,102,107,360,81,35,123,56,360,3,20,136,360,95,360,360,360,40,73,360,360,209,360,170,11
24,Atholton High School,Green,,Columbia,MD,,53,1468,241,72,360,360,360,20,61,360,169,222,114,46,360,20,39,69,360,56,360,360,360,36,75,360,360,110,360,87,31
53,Brooklyn Technical High School,C,,Brooklyn,NY,,54,1492,47,147,19,113,13,179,50,360,66,147,85,127,360,29,63,50,360,28,42,6,360,46,82,360,360,182,360,82,82
317,Temple City High School,Green,,Temple City,CA,,55,1498,82,130,16,360,360,130,101,103,76,85,90,9,360,44,92,74,17,136,360,19,12,63,202,360,360,85,360,73,26
182,Madison West High School,B,,Madison,WI,,56,1519,31,175,360,38,360,48,150,109,36,97,30,81,360,359,43,35,35,72,360,360,360,131,55,5,2,100,360,55,21
15,Arcadia High School,2,,Arcadia,CA,,57,1544,48,44,2,24,360,23,54,93,65,186,154,21,360,360,27,32,54,24,17,360,360,168,135,8,360,56,360,27,120
268,Princeton International School of Mathematics and Science,Big Boy,,Princeton,NJ,,58,1558,121,119,360,33,360,19,40,33,102,90,144,108,360,156,127,113,360,77,360,360,360,6,63,360,360,108,360,60,105
196,Monta Vista High School,Black,,Cupertino,CA,,59,1563,13,111,360,360,360,134,52,360,35,76,67,165,360,359,71,49,360,39,360,360,360,53,175,360,360,86,360,50,28
106,Emerald High School,Pearl,,Dublin,CA,,60,1571,114,71,360,44,360,28,108,360,141,90,43,148,360,157,93,66,360,8,45,360,360,10,59,40,360,94,360,220,121
170,Liberal Arts and Science Academy,Neutron,,Austin,TX,,61,1587,87,222,11,42,360,36,178,54,4,76,82,4,25,72,41,159,360,123,360,360,15,54,60,360,360,196,11,83,110
312,Sunset High School,Armadillos,,Portland,OR,,62,1589,164,34,360,93,360,231,197,360,125,56,31,50,361,73,131,40,360,158,360,360,360,82,28,360,360,62,360,78,49
274,River City Science Academy Middle-High School,RaTs,,Jacksonville,FL,,63,1597,94,57,17,361,360,229,164,38,59,99,86,136,360,8,23,98,68,110,360,360,360,75,50,360,360,127,360,104,78
342,West Windsor-Plainsboro High School South,B,,West Windsor,NJ,,64,1616,43,68,33,360,11,360,53,360,107,16,61,134,17,38,72,81,360,53,360,33,20,91,70,360,360,80,6,149,140
51,Brooklyn Technical High School,A,,Brooklyn,NY,,65,1626,16,65,15,72,36,62,209,8,117,269,46,31,360,141,31,39,25,46,4,10,360,227,130,360,7,53,360,58,86
221,Obra D. Tompkins High School,B,,Katy,TX,,66,1630,46,35,360,3,360,156,42,48,119,24,184,34,360,80,120,112,49,361,40,360,360,59,108,7,20,34,28,98,18
162,Lamar Academy,,,McAllen,TX,,67,1648,123,4,10,74,361,271,230,45,57,200,16,119,13,32,51,70,34,106,19,14,361,116,97,22,25,41,15,36,79
305,Staten Island Technical High School,B,,Staten Island,NY,,68,1681,129,186,360,360,360,67,98,360,104,50,104,123,360,62,52,107,360,45,360,360,360,80,162,360,360,93,360,176,43
119,Florida Atlantic University High School,Burrowing,,Boca Raton,FL,,69,1693,59,180,360,76,35,12,235,69,88,111,87,212,360,152,47,89,51,7,55,360,360,145,43,6,360,44,360,106,76
35,BASIS Independent McLean,Blossom,,McLean,VA,,70,1693,78,110,360,360,360,73,15,360,150,39,71,120,360,163,119,26,360,9,360,360,360,71,120,360,360,219,360,142,168
201,Mountain House High School,Obsidian,,Mountain House,CA,,71,1695,58,58,18,152,360,148,156,112,79,106,176,97,360,53,175,13,360,145,360,360,360,148,90,360,360,26,360,42,125
73,Colleyville Heritage High School,1,,Colleyville,TX,,72,1700,3,80,360,360,361,81,12,360,153,81,14,17,360,111,361,85,360,361,360,51,360,4,11,360,360,23,30,187,116
39,BASIS Independent Silicon Valley,Purple,,San Jose,CA,,73,1732,51,155,360,34,360,177,29,9,186,31,27,59,360,359,161,54,360,225,360,360,360,31,41,360,360,27,360,57,62
99,Ed W. Clark High School,Clark Gold,,Las Vegas,NV,,74,1754,27,148,3,360,19,74,81,360,34,119,88,73,360,1,130,360,360,99,360,3,360,113,160,360,360,190,360,28,29
74,Colleyville Heritage High School,2,,Colleyville,TX,,75,1774,111,52,360,360,26,37,112,360,127,32,49,14,359,165,361,78,360,361,360,52,360,52,14,360,360,31,31,163,15
333,Vestal High School,Green,,Vestal,NY,,76,1778,84,104,360,71,360,10,31,360,60,68,162,25,360,359,59,187,15,125,2,360,360,99,196,18,360,150,360,45,14
126,Francis Lewis High School,A,,Queens,NY,,77,1789,361,90,360,360,360,38,102,360,69,3,95,145,360,360,87,126,360,105,360,360,360,57,6,360,360,79,360,64,2
243,Paul Laurence Dunbar High School,Black,,Lexington,KY,,78,1795,24,84,360,128,360,58,90,360,71,50,121,124,360,360,138,106,3,42,360,360,360,130,7,2,360,121,360,95,174
308,Stuyvesant High School,C,,New York,NY,,79,1811,361,178,360,7,360,56,170,16,90,25,39,127,360,52,175,238,40,29,360,360,360,39,65,360,360,50,360,61,56
96,East Brunswick High School,,,East Brunswick,NJ,,80,1851,93,50,360,80,360,160,36,36,83,76,79,48,360,359,102,175,56,54,24,360,360,176,190,360,10,28,360,48,94
277,Saint Francis High School,Brown,,Mountain View,CA,,81,1861,141,73,26,27,360,155,71,360,13,147,125,207,360,84,134,160,12,153,360,360,360,78,34,360,360,9,360,184,93
2,Advanced Technologies Academy,Teal,,Las Vegas,NV,,82,1872,18,66,360,54,360,219,117,360,111,111,96,233,360,28,41,96,59,76,360,23,360,148,131,360,360,175,360,68,138
337,Walton High School,D,,Marietta,GA,,83,1937,151,144,32,360,15,144,233,360,56,74,166,30,14,64,168,11,360,161,360,43,10,76,200,360,360,107,32,29,123
177,Lynbrook High School,White,,San Jose,CA,,84,1938,80,113,360,56,360,182,118,360,216,43,12,184,360,169,99,66,360,63,360,53,360,119,99,10,360,148,24,173,54
210,North Carolina School of Science and Mathematics,V,,Morganton,NC,,85,1939,65,85,360,360,360,46,7,360,131,81,92,132,360,117,219,28,360,140,360,360,360,128,107,360,360,360,360,138,63
213,New Trier Township High School,Ice Fishing,,Winnetka,IL,,86,1943,228,95,4,360,360,79,34,360,39,90,117,60,4,142,125,142,360,361,14,56,361,94,110,29,360,56,360,69,102
18,Archimedean Upper Conservatory,Beta,,Miami,FL,,87,1965,201,150,360,103,360,75,166,52,102,186,106,138,360,67,44,48,360,23,360,360,360,181,94,360,360,139,360,73,172
55,F.W. Buchholz High School,,,Gainesville,FL,,88,1987,143,105,360,110,360,26,111,15,160,87,238,83,360,102,168,230,31,82,34,360,360,49,33,33,22,103,360,169,98
145,Jericho High School,Curie,,Jericho,NY,,89,1989,184,160,360,57,46,209,126,360,158,99,89,45,30,126,90,83,41,21,360,39,11,215,81,30,360,46,19,176,81
110,Evergreen Valley High School,Teal,,San Jose,CA,,90,1990,103,93,360,111,360,39,80,360,201,125,97,90,360,359,82,43,360,43,23,360,360,116,129,360,360,136,360,110,144
44,Boca Raton Community High School,2,,Boca Raton,FL,,91,2018,253,218,360,50,360,198,94,360,84,76,153,80,360,22,75,76,360,114,360,360,360,115,74,360,360,172,360,137,77
138,Iowa City West High School,Gold,,Iowa City,IA,,92,2026,56,91,360,8,360,127,195,28,144,200,108,51,360,121,91,127,360,117,360,360,360,120,86,360,360,135,360,154,103
334,Walton High School,A,,Marietta,GA,,93,2035,144,101,42,75,14,193,176,360,85,134,277,163,359,26,28,75,360,101,360,16,13,41,118,360,360,193,22,129,51
9,Albany High School,White,,Albany,CA,,94,2041,200,141,360,32,39,188,104,360,89,125,183,112,360,108,40,87,360,71,16,360,360,152,180,360,360,81,360,66,114
351,Westview High School,The Vegimals,,San Diego,CA,,95,2051,107,62,360,59,360,180,87,360,134,99,52,197,360,60,230,55,360,152,360,360,360,160,171,360,360,84,360,18,203
93,Dunlap High School,Var,,Dunlap,IL,,96,2069,61,94,360,17,360,24,128,27,206,171,132,166,360,144,135,167,360,361,360,360,360,65,52,360,360,59,360,69,35
320,The Frazer School,Big Blind,,Gainesville,FL,,97,2074,69,247,360,360,360,91,51,360,58,171,107,360,360,58,104,360,360,116,360,360,360,72,12,360,360,51,360,67,80
122,Forest Hills High School,A,,Forest Hills,NY,,98,2078,127,171,360,361,33,106,141,51,98,11,160,170,360,134,84,122,50,113,360,360,360,101,152,360,15,133,360,129,126
336,Walton High School,C,,Marietta,GA,,99,2106,180,59,21,360,30,63,235,360,49,227,188,109,10,68,33,154,360,218,360,37,16,110,54,360,360,132,22,19,208
159,Lake Norman Charter High School,Varsity,,Huntersville,NC,,100,2107,193,127,24,143,360,189,74,360,132,161,141,111,17,94,37,108,360,127,15,13,360,121,233,360,360,144,360,41,74
49,Bridgeland High School,Orange,,Cypress,TX,,101,2108,101,360,360,6,41,27,360,22,30,20,8,12,23,55,76,360,360,197,360,22,360,30,24,360,360,1,5,87,360
112,Fairfax High School,Gray,,Fairfax,VA,,102,2109,131,120,360,129,360,96,127,360,118,171,204,191,360,40,31,68,360,79,360,360,360,230,124,360,360,189,360,117,73
154,Laguna Creek High School,A,,Elk Grove,CA,,103,2113,198,77,360,135,360,101,23,360,110,200,161,57,360,76,148,52,360,193,360,360,360,87,79,360,360,170,360,195,186
216,Northern Academy of the Arts,Moon,,Middletown,NY,,104,2123,100,194,360,360,360,157,360,360,86,147,200,70,360,49,139,63,360,50,360,360,360,103,104,360,360,17,360,185,99
8,Albany High School,Red,,Albany,CA,,105,2162,108,239,360,39,360,142,30,3,40,171,203,156,360,359,29,124,360,91,360,360,360,194,32,13,360,161,360,26,57
134,Granville High School,,,Granville,OH,,106,2165,172,197,360,62,360,64,129,34,92,361,68,66,360,42,56,201,27,232,360,360,360,111,158,360,360,75,360,91,50
123,Forest Hills High School,B,,Forest Hills,NY,,107,2168,159,192,360,361,360,210,20,97,75,118,91,203,360,74,129,99,360,135,360,360,360,85,222,360,360,130,360,114,112
77,Cupertino High School,Gold,,Cupertino,CA,,108,2216,140,99,360,79,10,61,224,87,191,50,93,131,360,359,143,134,360,160,360,360,360,146,84,360,360,4,360,46,151
47,Bridgeland High School,Blue,,Cypress,TX,,109,2230,7,47,360,131,21,117,105,360,176,200,118,360,16,359,16,80,360,58,360,360,360,361,23,360,360,33,360,131,39
301,Spackenkill High School,A,,Poughkeepsie,NY,,110,2236,214,40,49,360,17,120,180,360,113,151,231,101,21,149,97,77,360,109,360,45,14,98,30,360,360,204,24,173,149
3,Advanced Technologies Academy,Wisteria,,Las Vegas,NV,,111,2272,67,116,360,82,22,123,182,82,123,240,229,157,360,11,161,92,360,97,360,8,360,112,157,360,360,160,360,87,158
135,Homestead High School,Green,,Cupertino,CA,,112,2279,187,27,360,11,28,205,204,40,20,111,75,11,32,359,86,180,10,361,360,360,17,72,5,360,28,7,360,360,9
108,Evergreen Valley High School,Black,,San Jose,CA,,113,2286,44,128,360,73,360,206,116,82,229,171,55,144,360,359,36,103,360,68,360,360,360,238,136,360,360,25,360,133,95
230,Orlando Science High School,HubbaBubba,,Orlando,FL,,114,2291,85,87,360,360,360,271,56,360,143,48,26,94,360,359,102,174,360,26,360,360,360,106,51,360,360,360,360,121,182
350,Westview High School,Peso,,San Diego,CA,,115,2298,149,153,360,360,360,35,124,360,94,106,136,193,360,359,199,71,360,107,360,360,360,89,122,360,360,148,360,153,60
199,Mount Vernon High School,1 Pegasus,,Mount Vernon,IA,,116,2307,175,182,360,360,360,87,240,360,204,200,122,82,360,140,88,94,360,134,360,35,360,186,48,360,360,112,360,113,100
127,Francis Lewis High School,B,,Queens,NY,,117,2324,361,193,360,360,360,54,122,360,193,5,7,172,360,360,4,141,360,208,360,360,360,140,89,360,360,185,360,44,46
184,Mark Keppel High School,1,,Alhambra,CA,,118,2324,98,41,57,360,361,33,49,92,207,137,167,72,360,168,146,211,360,183,52,360,360,172,64,360,360,105,12,221,250
192,Merit Academy,,,Woodland Park,CO,,119,2355,5,170,360,360,360,131,123,360,115,125,58,188,360,54,261,64,55,144,36,360,360,140,199,360,360,222,360,149,207
335,Walton High School,B,,Marietta,GA,,120,2365,34,78,37,360,18,202,201,360,105,247,47,115,5,359,117,123,360,103,360,12,21,88,31,360,360,66,4,254,195
256,Pilgrimage Homeschool,,,Gaithersburg,MD,,121,2397,154,121,360,360,360,158,103,360,61,137,78,76,360,154,360,90,46,92,44,360,360,251,179,12,360,162,360,93,128
228,Olympia High School,Prometheus,,Orlando,FL,,122,2454,185,96,360,30,360,138,200,67,128,236,48,147,360,118,106,120,42,98,20,360,360,178,167,11,360,124,360,120,245
41,Beaverton Academy of Science and Engineering,Overclocked,,Hillsboro,OR,,123,2468,182,12,360,155,360,13,211,117,96,46,237,247,360,66,222,360,360,122,360,360,360,122,123,360,360,112,360,141,156
231,Orlando Science High School,Lab Rats,,Orlando,FL,,124,2478,179,263,360,360,360,173,142,77,72,62,18,84,360,116,157,101,360,147,360,360,360,109,155,360,360,360,360,125,215
97,Ed W. Clark High School,Clark Black,,Las Vegas,NV,,125,2499,68,360,9,360,1,360,360,360,52,360,13,20,360,46,127,84,360,41,360,360,360,172,83,360,360,36,360,56,261
147,John Jay High School,B,,Hopewell Junction,NY,,126,2502,37,172,360,5,360,112,156,1,249,29,65,55,360,359,62,146,360,199,360,360,360,208,183,360,360,163,360,95,212
105,Emerald High School,Diamond,,Dublin,CA,,127,2513,62,164,360,125,360,77,95,360,256,70,66,164,360,359,155,191,43,75,360,360,360,62,121,17,360,225,360,209,162
102,Edison High School,A,,Edison,NJ,,128,2523,66,151,360,360,360,21,1,360,100,60,73,210,360,360,219,360,360,360,360,360,360,47,66,360,360,154,360,186,89
261,Plattsburgh High School,Orange (A),,Plattsburgh,NY,,129,2523,262,79,1,360,360,147,100,360,70,240,77,69,360,360,121,58,360,361,360,30,360,107,172,360,360,100,360,69,131
72,Cinco Ranch High School,White,,Katy,TX,,130,2542,118,134,360,49,360,121,244,360,73,259,143,61,17,360,156,30,360,146,43,360,360,108,77,27,360,139,27,262,111
167,Largo High School,Gold,,Largo,FL,,131,2575,153,88,360,360,360,115,93,360,196,97,129,125,360,359,100,121,360,173,360,360,360,160,227,360,360,129,360,188,122
118,Florida Atlantic University High School,Barn,,Boca Raton,FL,,132,2597,174,215,360,55,361,124,134,53,146,151,209,91,360,359,106,100,360,118,360,360,360,69,204,360,16,178,360,102,117
214,Niskayuna High School,,,Niskayuna,NY,,133,2621,120,74,360,121,360,15,76,44,360,151,63,77,360,360,80,360,360,360,360,360,360,54,46,360,360,122,360,158,145
289,Silver Creek High School,Sage,,San Jose,CA,,134,2621,138,212,360,360,31,204,181,360,163,195,69,88,360,105,208,130,360,104,360,360,360,28,246,31,360,231,360,109,210
185,Mark Keppel High School,2,,Alhambra,CA,,135,2631,112,196,50,136,20,196,194,360,129,186,151,99,360,61,182,162,360,185,360,360,360,126,161,360,360,100,360,195,196
222,Olympia High School,Asteria,,Orlando,FL,,136,2636,90,183,360,97,360,222,130,21,189,137,156,113,360,78,188,109,360,151,360,360,360,147,139,360,360,98,360,246,260
273,River City Science Academy Middle-High School,RaPtors,,Jacksonville,FL,,137,2640,158,152,25,140,360,140,250,62,47,200,110,218,360,95,133,179,63,133,360,360,360,206,229,360,360,116,360,138,136
217,Northern Academy of the Arts,Sun,,Middletown,NY,,138,2645,122,136,360,360,360,213,207,360,51,249,179,67,28,360,111,45,20,49,360,360,360,122,258,360,360,159,360,180,137
116,Flint Hill School,Protons,,Oakton,VA,,139,2658,188,133,360,58,360,70,135,4,167,240,211,206,360,98,115,164,360,162,38,360,360,99,244,360,360,168,360,110,148
25,Atholton High School,Silver,,Columbia,MD,,140,2667,57,124,360,360,360,176,215,360,108,361,124,75,360,360,94,169,360,96,360,360,360,164,22,360,360,246,360,179,97
22,Ardrey Kell High School,Silver Knights,,Charlotte,NC,,141,2671,176,179,360,102,360,139,191,360,139,111,172,152,23,359,191,171,13,191,37,360,360,83,98,360,30,87,360,86,146
88,Division Avenue High School,,,Levittown,NY,,142,2675,163,132,360,51,360,252,159,30,151,210,182,74,360,360,168,117,14,198,3,360,360,151,109,360,360,112,360,10,127
240,Palo Alto High School,Black,,Palo Alto,CA,,143,2717,139,60,55,360,360,149,152,105,32,182,233,252,360,25,121,238,36,121,360,41,360,148,231,360,6,155,360,200,279
13,American High School,White,,Fremont,CA,,144,2751,160,174,360,35,360,225,136,25,174,164,146,198,360,88,186,153,360,143,360,360,360,170,190,360,360,112,360,193,139
205,Mt. Lebanon High School,GOLD,,Pittsburgh,PA,,145,2757,203,261,46,81,360,44,46,111,222,361,152,186,360,113,143,170,4,227,28,32,360,140,111,31,360,104,360,104,170
341,Waterford School,Varsity,,Sandy,UT,,146,2757,268,103,360,48,38,253,83,46,173,195,112,260,28,137,161,110,360,84,360,360,360,160,78,360,360,205,360,148,227
125,Fountain Valley High School,,,Fountain Valley,CA,,147,2772,165,181,360,146,29,76,158,62,140,74,116,189,361,79,360,196,26,4,58,360,360,199,169,360,13,201,360,229,236
33,BASIS Independent Fremont,sunrise,,Fremont,CA,,148,2775,79,14,48,360,360,132,360,360,55,151,360,360,360,150,360,51,360,73,360,360,360,70,142,360,360,29,360,180,209
89,Doral Academy High School,,,Doral,FL,,149,2822,53,82,360,360,360,66,183,360,169,166,127,228,360,143,360,360,360,176,360,360,360,165,71,360,360,176,360,75,222
299,South Windsor High School,Gold,,South Windsor,CT,,150,2833,74,63,360,360,360,241,223,360,172,166,243,248,360,83,160,195,360,210,360,360,360,234,49,360,360,91,360,229,152
300,South Windsor High School,Maroon,,South Windsor,CT,,151,2840,216,198,360,360,360,114,79,360,196,48,197,121,360,173,80,238,360,361,360,360,360,248,149,360,360,90,360,165,167
120,Florida Atlantic University High School,Snowy,,Boca Raton,FL,,152,2844,212,123,360,21,361,174,155,11,155,125,191,118,361,96,179,360,360,169,39,360,360,191,255,20,360,74,24,158,109
202,Mountain House High School,Pearl,,Mountain House,CA,,153,2847,173,163,360,360,360,128,228,360,93,227,187,129,360,359,208,22,360,215,360,360,360,177,197,360,360,99,360,154,88
270,Richard Montgomery High School,A,,Rockville,MD,,154,2848,361,129,360,93,360,146,84,115,136,171,80,200,360,145,45,194,360,361,360,360,360,138,125,360,360,173,360,197,163
293,Socorro High School,,,Socorro,NM,,155,2851,186,55,360,360,360,95,229,360,116,259,145,98,360,359,271,238,360,124,360,360,360,137,182,360,360,88,360,40,229
169,Liberal Arts and Science Academy,Electron,,Austin,TX,,156,2876,152,51,360,360,360,360,360,360,360,360,201,238,360,30,77,360,360,25,360,360,360,2,3,360,360,11,360,157,129
78,Cupertino High School,Red,,Cupertino,CA,,157,2879,221,233,360,25,360,167,115,360,239,134,253,78,360,359,182,145,360,129,360,360,360,210,93,360,360,41,360,90,190
163,Lambert High School,A,,Suwanee,GA,,158,2900,142,146,360,134,360,6,46,360,182,360,98,166,360,138,200,176,360,83,360,360,360,113,360,360,360,257,360,360,67
278,Saint Francis High School,Gold,,Mountain View,CA,,159,2902,231,114,360,360,360,214,112,360,97,195,194,199,360,159,168,229,360,190,360,360,360,204,114,360,360,60,360,239,183
87,Deltona High School,Legendary Lycanthropes,,Deltona,FL,,160,2909,248,131,360,360,360,251,255,360,124,227,150,102,360,75,216,56,360,264,360,360,360,183,245,360,360,120,360,98,164
4,Advanced Technologies Academy,Zomp,,Las Vegas,NV,,161,2912,71,149,360,137,360,163,190,360,157,213,246,135,360,359,237,119,360,159,360,360,360,134,140,360,360,165,360,151,124
67,Central High School,,,Philadelphia,PA,,162,2919,116,165,360,360,360,195,25,360,211,151,111,249,360,359,148,168,360,155,360,360,360,205,176,360,360,122,360,190,173
124,Forest Hills High School,C,,Forest Hills,NY,,163,2920,239,276,360,360,360,105,249,70,137,182,157,217,360,93,121,151,360,108,360,360,360,212,189,360,360,118,360,191,175
136,Homestead High School,White,,Cupertino,CA,,164,2945,226,142,360,151,360,262,132,89,158,361,199,122,20,359,22,360,360,361,360,360,360,74,36,36,360,70,360,51,10
113,Fairfax High School,White,,Fairfax,VA,,165,2962,192,159,23,360,8,221,173,360,142,151,214,176,360,92,168,173,360,128,360,360,360,183,187,360,360,232,360,221,150
276,River Hill High School,B,,Clarksville,MD,,166,2964,150,76,360,112,360,223,255,360,216,137,195,62,360,360,79,181,360,154,360,360,360,174,360,360,360,251,360,61,30
290,Smithtown High School West,,,Smithtown,NY,,167,2971,125,265,360,61,360,118,109,360,210,186,273,204,360,85,227,97,360,62,360,360,360,254,163,360,12,136,360,237,220
10,American Heritage School - Palm Beach,,,Delray Beach,FL,,168,2986,115,16,360,88,360,53,86,26,120,195,226,274,360,359,154,148,36,223,27,360,360,131,203,39,360,216,360,360,107
107,Emerald High School,Platinum,,Dublin,CA,,169,2997,166,254,360,145,360,153,220,78,203,171,196,161,360,129,196,156,360,157,49,360,360,191,216,360,360,145,360,123,160
249,Pembroke Pines Charter Academic Village,Neon Neurons,,Pembroke Pines,FL,,170,3021,102,221,360,65,361,68,78,116,162,227,256,160,360,135,257,189,65,248,360,29,8,153,117,360,360,200,360,259,189
158,Lake Norman Charter High School,JV2,,Huntersville,NC,,171,3056,197,140,360,138,361,220,98,108,243,236,218,224,360,69,213,115,360,182,360,360,360,223,151,360,360,217,360,106,204
187,McNeil High IB World School,A,,Austin,TX,,172,3102,54,360,360,360,360,245,140,360,146,46,24,360,361,87,192,34,360,360,360,360,4,159,156,360,360,360,8,360,19
204,Mt. Lebanon High School,BLUE,,Pittsburgh,PA,,173,3113,361,219,360,40,360,80,90,18,181,125,360,86,360,359,253,104,17,170,360,360,360,41,250,360,18,153,360,146,135
68,Central High School,2,,Philadelphia,PA,,174,3135,218,211,360,360,360,92,227,360,154,147,212,175,360,103,230,238,360,214,360,360,360,66,193,360,360,166,360,235,254
226,Olympia High School,Hyperion,,Orlando,FL,,175,3144,245,118,360,125,360,239,231,360,229,102,180,181,360,119,57,166,360,216,360,360,360,218,360,360,360,174,360,118,191
20,Archimedean Upper Conservatory,Gamma,,Miami,FL,,176,3145,199,217,56,122,360,129,185,97,182,360,275,166,360,148,225,53,360,120,360,360,360,179,242,360,360,141,360,234,90
166,Largo High School,Blue,,Largo,FL,,177,3157,207,202,360,360,360,151,166,360,360,166,139,192,360,146,142,204,360,179,360,360,360,232,145,360,360,169,360,140,217
157,Lake Norman Charter High School,JV1,,Huntersville,NC,,178,3161,266,106,360,104,42,186,259,360,229,200,252,91,360,91,152,360,360,202,360,360,360,187,101,360,360,55,360,210,214
254,Philadelphia High School for Girls,,,Philadelphia,PA,,179,3172,250,360,360,360,360,265,221,360,37,227,261,220,360,360,118,47,360,90,360,360,360,232,221,360,360,63,360,134,66
194,Miller Place High School,Red,,Miller Place,NY,,180,3227,136,213,360,360,12,125,255,360,229,62,174,180,361,360,361,161,360,187,360,360,360,214,128,360,360,226,360,103,113
45,Boca Raton Community High School,3,,Boca Raton,FL,,181,3235,104,232,360,360,360,238,199,360,211,161,131,152,360,360,200,114,360,213,360,360,360,236,150,360,360,218,360,224,92
168,Largo High School,Silver,,Largo,FL,,182,3240,181,173,360,360,360,197,202,360,169,137,133,138,360,114,247,203,360,207,360,360,360,211,360,360,360,82,360,126,360
318,The Bishop's School,Knights 1,,La Jolla,CA,,183,3249,360,206,360,360,360,145,63,360,190,137,360,155,360,360,188,360,360,78,360,1,360,360,100,360,360,19,360,84,84
131,General Douglas MacArthur High School,,,Levittown,NY,,184,3252,210,135,360,101,360,233,147,107,74,222,178,230,360,359,132,360,360,81,360,360,360,163,178,23,21,198,20,131,221
50,Bridgeland High School,White,,Cypress,TX,,185,3259,110,273,360,1,361,360,263,48,99,360,360,360,361,359,110,16,360,64,360,360,360,116,10,360,360,97,33,233,69
54,Brownell Talbot College Preparatory School,US,,Omaha,NE,,186,3263,247,214,360,360,360,249,59,360,256,269,193,104,360,86,361,147,360,174,360,360,360,222,228,360,360,49,360,201,204
298,South Windsor High School,Black,,South Windsor,CT,,187,3264,77,145,360,360,360,248,247,360,360,81,171,240,360,158,211,237,360,150,360,360,360,166,252,360,360,156,360,135,230
206,Mt. Lebanon High School,WHITE,,Pittsburgh,PA,,188,3267,183,195,360,90,360,187,131,114,182,161,148,91,360,359,192,183,39,226,360,360,360,128,132,43,360,360,360,231,178
331,Valencia High School,Gold,,Placentia,CA,,189,3270,81,243,360,360,360,360,89,360,9,361,28,360,360,360,88,116,360,35,360,26,360,122,238,360,360,360,1,182,238
283,Scarsdale High School,Second,,Scarsdale,NY,,190,3298,50,203,360,360,360,71,120,360,225,57,360,225,360,360,161,91,360,236,360,360,360,360,67,360,360,164,360,188,360
27,BASIS Cedar Park,A,,Cedar Park,TX,,191,3309,21,102,360,133,360,360,2,79,360,111,99,106,360,360,148,360,360,360,360,360,360,360,360,360,360,119,360,37,44
139,Iowa City West High School,Green,,Iowa City,IA,,192,3328,170,251,360,119,360,169,179,23,245,227,259,126,360,359,146,178,360,131,360,360,360,183,206,360,360,117,360,118,264
330,Valencia High School,Blue,,Placentia,CA,,193,3346,196,250,360,360,361,113,88,360,360,151,81,71,361,359,96,360,360,89,360,360,360,360,360,360,360,105,360,164,143
344,Western Center Academy,,,Hemet,CA,,194,3391,75,112,360,43,360,82,165,360,177,66,360,360,360,107,265,360,360,268,35,360,360,195,85,45,360,191,360,247,276
246,Pembroke Pines Charter Academic Village,Atomic Alphas,,Pembroke Pines,FL,,195,3391,225,240,360,37,360,184,263,38,106,166,192,149,360,359,227,102,360,219,33,38,360,191,360,360,360,136,360,101,171
92,Dunlap High School,JV,,Dunlap,IL,,196,3399,135,224,360,360,360,150,193,360,239,90,202,196,360,359,194,219,68,189,360,360,360,360,215,360,360,198,360,145,91
252,Pembroke Pines Charter Academic Village,Up and Atom,,Pembroke Pines,FL,,197,3401,265,115,360,360,360,228,239,360,256,227,271,223,360,115,223,200,360,256,360,360,360,154,116,360,360,223,360,77,213
327,University High School,,,Normal,IL,,198,3405,157,266,44,93,361,108,169,106,256,166,213,214,33,166,217,210,360,237,360,360,359,202,211,360,360,125,29,240,248
29,BASIS Cedar Park,Mario,,Cedar Park,TX,,199,3415,222,257,360,360,9,237,60,360,191,137,249,237,360,19,239,128,68,360,360,360,360,76,147,360,27,360,360,136,360
271,Ridge Point High School,,,Missouri City,TX,,200,3423,95,187,360,360,360,93,142,360,256,240,142,158,360,360,137,360,360,186,360,360,360,54,360,360,360,192,360,360,101
100,Ed W. Clark High School,Clark Orange,,Las Vegas,NV,,201,3428,109,204,360,360,25,172,187,360,138,360,360,133,360,56,230,129,360,86,360,47,360,188,248,360,360,258,360,210,360
248,Pembroke Pines Charter Academic Village,Helium Heads,,Pembroke Pines,FL,,202,3429,206,61,360,361,360,166,207,360,229,360,138,205,360,171,271,132,360,164,360,360,360,215,232,360,360,166,360,266,240
152,La Cueva High School,,,Albuquerque,NM,,203,3450,205,231,360,360,360,207,234,360,180,210,224,145,360,359,157,202,360,163,360,360,360,225,226,360,360,158,360,122,202
28,BASIS Cedar Park,Luigi,,Cedar Park,TX,,204,3473,146,54,360,360,360,57,360,360,43,125,185,360,360,360,106,360,61,19,360,360,360,125,360,360,360,207,360,360,246
37,BASIS Independent McLean,Buttercup,,McLean,VA,,205,3473,236,245,360,360,360,178,218,360,166,119,158,210,360,359,239,177,360,166,360,360,360,227,230,360,360,142,360,223,180
148,John Jay High School,C,,Hopewell Junction,NY,,206,3496,361,137,54,107,360,122,212,90,195,50,50,117,360,359,360,217,64,268,360,360,360,94,360,360,360,91,360,143,360
321,The Science Academy STEM Magnet,1,,North Hollywood,CA,,207,3502,260,268,360,360,360,267,136,6,130,90,164,178,360,162,139,238,360,234,360,360,360,360,192,360,360,360,360,165,159
174,Loyola School,,,New York,NY,,208,3513,76,185,360,4,360,135,214,7,227,164,45,208,360,360,264,360,360,205,360,360,360,219,137,360,360,223,360,266,225
262,Pocono Mountain East High School,Black,,Swiftwater,PA,,209,3520,272,184,360,132,360,161,162,360,122,186,279,154,360,359,229,140,360,268,360,360,360,154,166,360,360,208,360,238,238
302,Spackenkill High School,B,,Poughkeepsie,NY,,210,3528,269,223,360,360,40,133,248,360,167,171,242,215,360,139,259,150,360,175,360,48,359,238,224,360,360,239,21,170,266
6,Albany High School,Green,,Albany,CA,,211,3530,277,226,360,96,360,261,217,79,224,123,360,173,360,360,48,60,360,209,360,360,360,220,103,360,360,256,360,252,161
150,John T. Hoggard High School,,,Wilmington,NC,,212,3534,360,360,360,29,360,226,243,58,188,249,113,201,360,77,101,213,67,200,26,360,360,97,360,35,360,360,360,52,134
259,Plattsburgh High School,Black (B),,Plattsburgh,NY,,213,3536,169,126,360,360,360,234,192,360,135,263,257,151,360,360,263,215,360,137,360,360,360,242,249,360,360,205,360,151,187
272,Ridge Point High School,2,,Missouri City,TX,,214,3599,246,242,360,360,360,227,219,360,360,213,155,130,360,360,175,184,360,221,360,360,360,169,185,360,360,188,360,146,179
232,Orlando Science High School,Sour Patch,,Orlando,FL,,215,3606,161,244,360,106,360,360,360,88,175,103,84,261,360,359,200,228,46,194,360,360,360,224,19,360,360,178,360,199,257
339,Waterford School,JV B,,Sandy,UT,,216,3610,208,83,360,2,360,194,161,59,149,269,205,170,360,90,239,226,360,171,360,360,360,360,360,360,360,151,360,214,360
286,Sheldon High School,Black,,Sacramento,CA,,217,3618,270,275,360,360,360,143,360,360,208,151,186,226,360,172,166,188,360,126,360,360,360,143,247,360,360,360,360,265,132
155,Laguna Creek High School,B,,Elk Grove,CA,,218,3661,211,216,360,9,360,201,172,360,165,361,222,216,360,359,196,214,360,252,360,360,360,136,177,360,360,203,360,218,142
322,The Science Academy STEM Magnet,2,,North Hollywood,CA,,219,3678,19,201,360,360,360,43,44,12,256,41,217,264,360,360,262,360,360,361,360,360,360,360,251,360,31,111,360,261,267
257,Plainfield North High School,,,Plainfield,IL,,220,3693,361,70,360,360,360,216,245,360,201,10,169,7,360,359,97,238,360,361,360,36,360,154,360,360,360,214,360,360,271
264,Pocono Mountain West High School,Blue,,Pocono Summit,PA,,221,3705,233,256,360,63,360,99,205,101,156,213,189,272,360,360,250,224,32,138,59,360,360,255,17,42,24,254,360,360,224
244,Paul Laurence Dunbar High School,Red,,Lexington,KY,,222,3708,235,230,360,360,360,18,110,360,360,200,181,360,360,360,360,205,360,361,360,360,360,158,9,360,360,360,360,97,104
193,Miller Place High School,Blue,,Miller Place,NY,,223,3733,189,207,360,360,360,192,65,360,360,34,119,244,360,359,239,360,360,192,360,360,360,101,360,360,360,146,360,206,360
98,Ed W. Clark High School,Clark Blue,,Las Vegas,NV,,224,3757,113,205,38,360,360,255,149,360,248,360,190,195,360,360,112,218,360,156,360,360,360,231,181,360,360,360,34,165,259
95,The Early College at Guilford,Varsity,,Greensboro,NC,,225,3776,92,360,360,360,360,360,360,65,239,67,134,114,360,360,224,360,360,259,360,360,360,171,214,360,360,6,360,360,96
60,Cape Henlopen High School,Blue,,Lewes,DE,,226,3847,360,264,360,153,360,242,145,360,360,361,168,269,360,167,168,133,360,231,360,360,360,103,184,360,360,156,360,360,176
338,Waterford School,JV A,,Sandy,UT,,227,3856,202,360,360,13,360,152,125,360,245,186,255,176,360,359,182,360,360,239,360,360,360,208,164,360,360,197,360,214,232
173,Lovington High School,White,,Lovington,NM,,228,3868,257,228,360,53,360,244,222,76,145,171,215,235,360,359,268,360,360,149,360,360,360,225,141,360,360,209,360,247,193
197,Monta Vista High School,Blue,,Cupertino,CA,,229,3874,178,360,360,360,360,83,112,360,253,106,360,360,360,359,35,190,360,87,360,46,360,360,236,360,360,360,360,360,75
46,Boca Raton Community High School,4,,Boca Raton,FL,,230,3881,195,166,360,360,360,199,360,360,360,213,128,64,360,360,157,138,360,361,360,360,360,360,360,360,360,96,360,165,199
191,Medina Valley High School,2,,Castroville,TX,,231,3896,238,272,360,361,360,175,252,59,220,111,266,142,360,360,200,231,57,258,55,360,360,246,240,37,19,184,360,245,256
346,Westside High School,,,Omaha,NE,,232,3905,217,360,360,47,360,126,186,82,360,360,264,258,360,359,54,232,360,132,41,360,360,229,148,24,360,142,360,203,275
42,Bishop England High School,A,,Daniel Island,SC,,233,3921,240,117,360,360,360,218,360,360,360,62,272,235,360,359,230,165,360,242,360,360,360,195,174,360,360,255,360,219,218
227,Olympia High School,Iapetus,,Orlando,FL,,234,3925,126,229,360,64,360,154,146,37,245,227,225,227,360,359,196,234,360,241,360,360,360,256,201,360,360,360,360,227,272
26,Atholton High School,White,,Columbia,MD,,235,3930,219,156,360,360,360,240,360,360,229,195,170,63,360,360,136,360,360,167,360,360,360,360,119,360,360,360,360,205,231
30,BASIS Cedar Park,B,,Cedar Park,TX,,236,3940,63,100,360,120,360,360,153,72,360,7,109,360,360,360,360,360,68,267,360,360,360,249,112,360,360,195,360,360,165
291,Smithtown High School West,B,,Smithtown,NY,,237,3966,167,234,360,360,360,360,67,360,182,210,265,257,360,360,360,186,360,204,360,360,360,195,113,360,360,220,360,360,226
250,Pembroke Pines Charter Academic Village,Red,,Pembroke Pines,FL,,238,3986,258,246,360,16,360,170,216,360,229,360,247,232,360,359,141,157,360,222,360,360,360,360,168,360,360,180,360,257,184
79,Cypress Creek High School,A,,Houston,TX,,239,3996,230,158,360,130,360,181,198,67,360,171,360,360,31,35,360,238,360,168,31,24,360,93,217,360,360,360,360,360,147
48,Bridgeland High School,Green,,Cypress,TX,,240,3996,275,360,360,360,360,360,360,360,87,62,281,243,360,360,360,197,360,94,360,360,360,182,188,360,360,213,360,208,166
207,North Carolina School of Science and Mathematics,JV,,Morganton,NC,,241,3998,237,360,47,86,360,136,240,360,209,213,235,202,360,360,179,360,360,115,360,360,360,240,212,360,360,186,360,360,154
190,Medina Valley High School,1,,Castroville,TX,,242,4018,259,209,360,36,360,208,246,94,211,249,227,258,360,360,251,236,10,240,54,360,360,174,205,41,26,230,360,204,251
189,Medfield High School,,,Medfield,MA,,243,4031,264,253,360,360,360,360,212,360,193,103,140,141,360,128,360,125,45,229,47,360,360,360,360,3,360,360,360,360,83
164,Lambert High School,B,,Suwanee,GA,,244,4032,234,360,360,360,360,360,174,360,196,213,120,54,360,359,188,208,360,360,360,360,360,135,360,360,360,194,360,360,157
233,Orlando Science High School,Starburst,,Orlando,FL,,245,4041,276,268,360,127,360,203,41,360,196,182,177,244,360,359,360,216,68,172,50,360,360,217,218,34,360,360,360,360,192
200,Mount Vernon High School,2 Equuleus,,Mount Vernon,IA,,246,4075,133,360,360,360,360,360,121,360,256,236,360,234,360,151,360,163,360,181,360,360,360,241,360,360,360,131,360,243,185
269,Princeton International School of Mathematics and Science,Little Man,,Princeton,NJ,,247,4080,271,360,360,107,360,137,163,360,161,236,223,228,360,359,210,209,360,220,360,360,360,138,360,360,360,360,360,247,198
255,Phillips Academy,,,Andover,MA,,248,4082,97,360,360,360,360,72,360,360,177,269,130,162,360,360,360,227,360,177,360,360,360,360,95,360,360,360,360,156,360
258,Plainfield North High School,JV,,Plainfield,IL,,249,4084,6,188,360,360,360,224,360,360,256,134,126,360,360,359,270,360,360,203,360,360,360,360,87,360,360,253,360,266,272
223,Olympia High School,Astraeus,,Orlando,FL,,250,4097,274,225,360,60,360,254,261,360,255,103,210,221,360,359,265,131,360,180,360,360,360,360,219,360,360,226,360,360,194
179,Madison Central High School,,,Richmond,KY,,251,4098,360,360,360,360,360,165,69,360,164,360,283,270,360,125,360,238,360,201,360,27,360,360,159,360,360,241,360,128,255
247,Pembroke Pines Charter Academic Village,Darwin's Disciples,,Pembroke Pines,FL,,252,4125,229,241,360,360,360,162,139,360,256,249,228,158,360,360,194,137,360,238,360,360,360,360,207,360,360,360,360,247,360
156,Lake Highland Preparatory School,,,Orlando,FL,,253,4135,124,260,360,360,360,360,360,360,256,227,245,360,360,122,253,139,360,119,360,360,360,360,133,360,360,247,360,210,360
172,Lovington High School,Blue,,Lovington,NM,,254,4156,227,249,360,99,360,215,250,100,229,259,230,184,360,360,248,360,360,257,360,360,360,235,241,360,360,215,360,193,204
265,Pocono Mountain West High School,Silver,,Pocono Summit,PA,,255,4162,99,262,360,156,360,211,253,110,360,213,173,275,360,359,251,118,58,361,53,360,360,243,208,46,23,235,34,263,278
71,Cinco Ranch High School,Maroon,,Katy,TX,,256,4226,360,189,360,113,360,360,360,79,249,200,216,360,360,97,360,65,360,178,360,360,360,360,360,360,360,211,360,183,118
260,Plattsburgh High School,Hornets (C),,Plattsburgh,NY,,257,4228,243,236,360,360,360,269,360,360,239,249,258,183,360,360,230,225,360,228,360,360,360,131,243,360,360,238,360,176,360
69,Chaminade-Madonna College Preparatory School,,,Hollywood,FL,,258,4249,280,360,360,26,360,212,360,360,216,182,163,209,360,359,153,144,360,361,360,360,360,360,96,360,360,360,360,192,242
198,Monta Vista High School,Brown,,Cupertino,CA,,259,4260,96,360,360,360,360,110,360,360,360,119,115,270,360,48,46,360,360,360,360,50,360,360,360,360,360,360,360,360,216
224,Olympia High School,Atlas,,Orlando,FL,,260,4290,204,200,360,360,360,360,232,360,187,264,250,190,360,360,187,199,360,141,360,360,360,360,360,360,360,202,360,360,234
253,Philadelphia High School for Girls,2,,Philadelphia,PA,,261,4308,177,154,360,360,360,360,237,360,256,9,102,244,360,360,260,360,360,361,360,360,360,257,360,360,360,250,360,360,201
287,Sheldon High School,Teal,,Sacramento,CA,,262,4345,171,268,360,360,360,168,187,360,146,117,260,360,360,360,168,360,360,360,360,360,360,189,253,360,360,360,360,360,258
263,Pocono Mountain East High School,Red,,Swiftwater,PA,,263,4349,360,227,360,360,360,183,240,360,229,186,135,241,360,360,143,235,360,360,360,360,360,253,360,360,360,244,360,360,233
62,Cape Henlopen High School,Yellow,,Lewes,DE,,264,4351,360,360,360,360,360,360,177,360,256,360,239,249,360,127,360,198,360,230,360,360,360,360,198,360,360,133,360,143,241
229,Olympia High School,Rhea,,Orlando,FL,,265,4355,168,274,360,360,360,246,189,360,249,222,270,360,360,359,200,185,360,233,360,360,360,243,235,360,360,360,360,202,360
326,University High School,Phoenix,,Fresno,CA,,266,4374,360,360,360,360,24,243,360,86,256,110,268,268,26,360,360,72,360,243,360,360,360,360,194,360,360,236,16,124,200
309,Suncoast High School,1,,Riviera Beach,FL,,267,4395,360,138,360,360,360,185,37,54,360,259,360,32,360,360,360,360,360,360,360,360,360,27,225,360,360,360,360,360,252
142,Irvine High School,Ivory,,Irvine,CA,,268,4403,147,208,360,123,360,360,360,30,101,85,248,360,360,360,225,222,65,184,360,360,360,360,360,360,360,360,360,240,223
16,Arcadia Public Schools,Huskies C,,Arcadia,NE,,269,4428,224,252,53,10,360,259,258,73,220,222,263,263,360,360,257,360,68,253,57,15,359,249,213,38,29,252,360,251,272
137,Iowa City West High School,Black,,Iowa City,IA,,270,4479,273,237,360,41,360,360,225,360,196,171,360,194,360,360,166,155,360,249,360,360,360,360,210,360,360,360,360,243,360
160,Lakeville North High School,,,Lakeville,MN,,271,4503,361,162,360,360,360,360,151,360,256,249,360,219,360,106,211,360,360,268,360,360,360,360,209,360,360,151,360,360,360
251,Pembroke Pines Charter Academic Village,Royal Researchers,,Pembroke Pines,FL,,272,4504,223,210,360,360,360,232,202,360,256,264,208,360,360,120,236,360,360,255,360,360,360,360,360,360,360,245,360,360,253
225,Olympia High School,Helios,,Orlando,FL,,273,4522,105,360,360,154,360,236,254,360,256,360,236,360,360,131,360,192,360,360,360,360,360,245,220,360,360,360,360,127,360
294,South Broward High School,1,,Hollywood,FL,,274,4550,191,360,360,360,360,217,360,360,360,186,219,254,360,109,151,223,360,245,360,360,360,360,360,360,360,360,360,360,235
292,Smithtown High School West,C,,Smithtown,NY,,275,4570,361,235,360,360,360,159,360,360,360,240,278,231,360,360,200,212,360,265,360,360,360,207,360,360,360,212,360,170,360
311,Suncoast High School,3,,Riviera Beach,FL,,276,4591,162,360,360,360,360,191,118,28,360,360,207,360,360,359,244,149,360,360,360,56,360,200,360,360,360,360,360,81,360
61,Cape Henlopen High School,White,,Lewes,DE,,277,4597,360,161,360,360,360,235,170,360,243,361,360,255,360,147,255,360,360,360,360,360,360,360,257,360,360,229,360,240,244
310,Suncoast High School,2,,Riviera Beach,FL,,278,4607,244,122,360,123,360,360,360,360,360,264,220,360,360,132,360,221,360,217,360,360,360,360,360,360,360,221,360,197,249
140,Iowa City West High School,White,,Iowa City,IA,,279,4621,155,125,360,360,360,268,360,360,204,361,360,251,360,360,218,172,360,251,360,360,360,360,186,360,360,360,360,360,270
218,Northwestern Lehigh High School,Black,,New Tripoli,PA,,280,4635,251,360,360,360,360,360,184,360,249,360,360,360,360,359,161,360,360,244,360,360,360,202,154,360,360,360,34,158,153
237,Osceola High School,Nightengale,,Kissimmee,FL,,281,4639,278,360,360,100,360,260,237,96,360,264,360,262,360,130,244,238,360,360,360,360,24,166,360,360,360,237,360,254,269
117,Flintridge Sacred Heart Academy,,,La Cañada Flintridge,CA,,282,4641,213,167,360,109,360,360,210,360,228,360,234,252,360,360,360,152,52,247,46,360,360,180,238,360,360,360,360,360,360
279,Saint Johnsbury Academy,A,,St. Johnsbury,VT,,283,4706,194,220,360,148,360,360,259,99,126,360,206,166,360,360,255,360,38,188,360,360,360,212,360,360,360,360,360,360,360
288,Silver Creek High School,Emerald,,San Jose,CA,,284,4726,261,169,58,360,360,250,360,360,360,213,269,267,360,360,206,206,360,254,360,54,360,360,360,360,360,360,360,228,243
75,Conestoga Valley High School,Blue,,Lancaster,PA,,285,4753,252,360,360,88,360,247,360,360,360,361,274,239,360,360,239,360,44,250,360,360,360,360,153,360,360,233,360,98,247
151,La Cañada High School,,,La Cañada Flintridge,CA,,286,4755,2,177,360,360,360,360,360,360,256,360,57,273,360,360,30,360,360,360,360,360,360,360,360,360,360,360,360,360,360
303,Spackenkill High School,C,,Poughkeepsie,NY,,287,4778,256,258,51,360,44,264,133,360,216,360,360,360,360,360,360,220,360,165,360,360,360,198,360,360,360,360,360,360,188
114,Flint Hill School,Electrons,,Oakton,VA,,288,4781,209,39,360,360,360,360,360,360,360,249,175,186,360,360,360,360,22,195,360,360,360,360,360,360,360,360,360,225,263
36,BASIS Independent McLean,Bubbles,,McLean,VA,,289,4781,130,238,360,360,360,263,206,360,360,249,198,360,360,359,360,360,360,235,360,360,360,200,360,360,360,183,360,360,360
84,Delcastle Technical High School,Blue,,Wilmington,DE,,290,4790,242,168,360,360,360,103,360,360,360,360,360,360,360,360,95,360,360,142,360,360,360,360,360,360,360,259,360,360,181
295,South Broward High School,2,,Hollywood,FL,,291,4797,255,89,360,360,360,119,360,360,360,360,360,105,360,123,360,360,360,266,360,360,360,360,360,360,360,240,360,360,360
149,John Jay High School,D,,Hopewell Junction,NY,,292,4830,360,360,360,144,360,360,19,73,256,360,360,150,360,164,360,207,360,360,360,360,360,221,360,360,360,360,360,213,360
153,Lafayette High School,,,Lexington,KY,,293,4846,267,259,360,83,360,360,360,360,211,360,360,360,360,359,219,238,360,360,360,360,360,157,134,360,360,360,360,214,268
19,Archimedean Upper Conservatory,Delta,,Miami,FL,,294,4885,254,360,360,360,360,360,360,360,15,122,240,242,360,360,206,360,360,206,360,360,360,360,360,360,360,360,360,360,360
239,Our Lady of Lourdes Academy,2,,Miami,FL,,295,4918,249,29,360,360,360,360,360,360,360,137,251,360,360,136,360,360,360,260,360,360,360,360,360,360,360,360,360,256,360
347,Westside High School,2,,Omaha,NE,,296,4964,360,255,360,77,360,360,136,360,256,360,244,360,360,359,360,360,360,196,360,360,360,360,360,360,32,228,360,173,237
236,Osceola High School,Edison,,Kissimmee,FL,,297,4977,215,360,360,147,360,270,225,54,229,249,360,360,360,360,269,238,360,360,360,360,360,252,233,360,360,360,360,360,277
183,Maine-Endwell High School,,,Endwell,NY,,298,5015,117,109,360,360,360,266,360,360,360,360,360,174,360,360,246,360,360,360,360,360,360,360,143,360,360,360,360,360,360
325,University High School,Odyssey,,Fresno,CA,,299,5068,360,360,360,65,360,360,262,113,360,249,280,221,360,360,360,182,360,360,360,360,360,360,237,360,360,234,360,258,265
59,Cannon School,V,,Concord,NC,,300,5092,220,360,360,360,360,360,360,360,256,240,159,213,360,360,185,360,360,360,360,360,360,360,360,360,360,360,360,360,219
7,Albany High School,Purple,,Albany,CA,,301,5179,128,276,360,116,360,360,360,360,360,360,165,360,360,360,360,360,360,360,360,360,360,360,360,360,360,243,360,252,155
86,Delcastle Technical High School,White,,Wilmington,DE,,302,5193,263,360,360,360,360,190,360,360,226,269,360,360,360,360,213,360,360,360,360,360,360,360,360,360,360,360,360,235,197
40,BASIS Pflugerville,,,Pflugerville,TX,,303,5200,360,276,360,360,360,107,360,360,360,360,282,266,360,360,360,360,360,360,360,360,360,360,256,360,360,187,360,226,360
70,Cheshire Academy,,,Cheshire,CT,,304,5202,360,107,360,360,360,360,360,360,254,360,267,140,360,360,360,360,360,360,29,360,360,360,360,360,360,360,360,114,360
238,Our Lady of Lourdes Academy,1,,Miami,FL,,305,5217,361,360,360,361,360,360,174,360,360,247,254,360,360,112,360,360,360,262,360,360,360,360,360,360,360,360,360,207,360
234,Osceola High School,Curie,,Kissimmee,FL,,306,5257,360,360,360,77,360,360,360,360,360,360,360,181,360,360,213,238,360,263,360,360,25,258,360,360,360,242,360,360,262
332,Vestal High School,Gold,,Vestal,NY,,307,5262,360,360,360,360,360,200,360,360,151,200,360,360,360,359,181,360,360,360,360,360,360,360,360,360,360,360,360,360,211
281,Saint Joseph Notre Dame High School,,,Alameda,CA,,308,5293,360,268,360,360,360,360,360,102,121,246,360,360,360,101,360,360,62,360,360,360,360,237,360,360,360,360,360,360,360
85,Delcastle Technical High School,Grey,,Wilmington,DE,,309,5312,279,360,360,360,360,258,360,360,360,360,276,360,360,161,265,360,360,224,360,360,360,360,360,360,360,249,360,360,360
109,Evergreen Valley High School,Silver,,San Jose,CA,,310,5376,190,199,360,360,360,256,360,360,360,269,241,360,360,360,360,360,360,261,360,360,360,360,360,360,360,360,360,360,360
314,Syosset High School,Novice,,Syosset,NY,,311,5492,360,108,360,360,360,360,360,360,82,360,360,360,360,359,360,360,360,360,360,360,360,360,360,360,360,360,360,263,360
76,Conestoga Valley High School,Red,,Lancaster,PA,,312,5582,360,276,360,360,360,360,360,360,360,226,360,360,360,153,360,360,360,360,360,360,360,247,360,360,360,360,360,360,360
245,Paul Laurence Dunbar High School,White,,Lexington,KY,,313,5584,360,360,360,360,360,360,360,360,360,360,360,360,360,360,175,158,360,211,360,360,360,360,360,360,360,360,360,360,360
5,Albany High School,Blue,,Albany,CA,,314,5585,360,360,360,360,360,360,360,360,360,360,360,360,360,37,360,360,360,148,360,360,360,360,360,360,360,360,360,360,360
188,McNeil High IB World School,B,,Austin,TX,,315,5623,360,360,360,360,360,257,360,360,360,361,262,360,360,360,360,233,360,360,360,360,360,190,360,360,360,360,360,360,360
115,Flint Hill School,Neutrons,,Oakton,VA,,316,5632,360,360,360,139,360,360,360,360,256,360,360,265,360,360,360,360,360,360,360,360,360,360,360,360,360,171,360,260,360
34,BASIS Independent Fremont,sunset,,Fremont,CA,,317,5648,360,360,360,360,360,164,360,360,360,360,232,360,360,360,360,360,360,212,360,360,360,360,360,360,360,360,360,360,360
94,The Early College at Guilford,JV,,Greensboro,NC,,318,5694,360,360,360,360,360,360,360,360,211,213,360,360,360,360,230,360,360,360,360,360,360,360,360,360,360,360,360,360,360
235,Osceola High School,Daly,,Kissimmee,FL,,319,5727,360,267,360,150,360,360,360,360,360,360,360,360,360,360,360,360,360,360,360,360,360,360,173,360,360,247,360,360,360
58,Cannon School,JV,,Concord,NC,,320,5747,360,248,360,360,360,360,360,360,360,360,360,360,360,360,360,360,360,360,360,360,360,360,360,360,360,360,360,231,228
56,Burbank High School,,,Burbank,CA,,321,5762,360,360,360,360,360,360,360,360,360,2,360,360,360,360,360,360,360,360,360,360,360,360,360,360,360,360,360,360,360
23,ASPIRA Charter High School,,,Newark,DE,,322,5802,360,360,360,360,360,360,360,360,360,146,360,256,360,360,360,360,360,360,360,360,360,360,360,360,360,360,360,360,360
90,Dulles High School,A,,Sugar Land,TX,,323,5860,360,360,360,360,360,360,360,360,360,360,360,360,360,360,360,360,360,100,360,360,360,360,360,360,360,360,360,360,360
219,Northwestern Lehigh High School,Gold,,New Tripoli,PA,,324,5867,360,360,360,360,360,360,360,360,360,360,221,360,360,360,360,360,360,246,360,360,360,360,360,360,360,360,360,360,360
161,Lakeville North High School,2,,Lakeville,MN,,325,5894,360,360,360,360,360,360,360,360,360,360,360,360,360,360,360,360,360,361,360,360,360,360,360,44,360,360,360,360,133
180,Madison Central High School,White,,Richmond,KY,,326,5950,360,190,360,360,360,360,360,360,360,360,360,360,360,360,360,360,360,360,360,360,360,360,360,360,360,360,360,360,360
340,Waterford School,JV C,,Sandy,UT,,327,5982,360,360,360,360,360,360,360,360,222,360,360,360,360,360,360,360,360,360,360,360,360,360,360,360,360,360,360,360,360
296,South Central High School,,,Winterville,NC,,328,6024,360,360,360,360,360,360,360,360,360,264,360,360,360,360,360,360,360,360,360,360,360,360,360,360,360,360,360,360,360
280,Saint Johnsbury Academy,B,,St. Johnsbury,VT,,329,6029,360,360,360,360,360,360,360,360,360,269,360,360,360,360,360,360,360,360,360,360,360,360,360,360,360,360,360,360,360
178,Madison Central High School,Blue,,Richmond,KY,,330,6120,360,360,360,360,360,360,360,360,360,360,360,360,360,360,360,360,360,360,360,21,360,360,360,360,360,360,360,360,360
57,California Academy of Mathematics and Science,,,Carson,CA,,331,6120,360,360,360,360,360,360,360,360,360,360,360,360,360,360,360,360,360,360,360,360,360,360,360,360,360,360,360,360,360
63,Carlmont High School,A,,Belmont,CA,,331,6120,360,360,360,360,360,360,360,360,360,360,360,360,360,360,360,360,360,360,360,360,360,360,360,360,360,360,360,360,360
64,Carlmont High School,B,,Belmont,CA,,331,6120,360,360,360,360,360,360,360,360,360,360,360,360,360,360,360,360,360,360,360,360,360,360,360,360,360,360,360,360,360
65,Carlmont High School,C,,Belmont,CA,,331,6120,360,360,360,360,360,360,360,360,360,360,360,360,360,360,360,360,360,360,360,360,360,360,360,360,360,360,360,360,360
80,Cypress Creek High School,B,,Houston,TX,,331,6120,360,360,360,360,360,360,360,360,360,360,360,360,360,360,360,360,360,360,360,360,360,360,360,360,360,360,360,360,360
81,Cypress Springs High School,A,,Cypress,TX,,331,6120,360,360,360,360,360,360,360,360,360,360,360,360,360,360,360,360,360,360,360,360,360,360,360,360,360,360,360,360,360
82,Cypress Springs High School,B,,Cypress,TX,,331,6120,360,360,360,360,360,360,360,360,360,360,360,360,360,360,360,360,360,360,360,360,360,360,360,360,360,360,360,360,360
91,Dulles High School,B,,Sugar Land,TX,,331,6120,360,360,360,360,360,360,360,360,360,360,360,360,360,360,360,360,360,360,360,360,360,360,360,360,360,360,360,360,360
101,Ed W. Clark High School,Clark Red,,Las Vegas,NV,,331,6120,360,360,360,360,360,360,360,360,360,360,360,360,360,360,360,360,360,360,360,360,360,360,360,360,360,360,360,360,360
103,Edison High School,B,,Edison,NJ,,331,6120,360,360,360,360,360,360,360,360,360,360,360,360,360,360,360,360,360,360,360,360,360,360,360,360,360,360,360,360,360
104,Edison High School,,,Edison,NJ,,331,6120,360,360,360,360,360,360,360,360,360,360,360,360,360,360,360,360,360,360,360,360,360,360,360,360,360,360,360,360,360
121,Florida State University Schools,,,Tallahassee,FL,,331,6120,360,360,360,360,360,360,360,360,360,360,360,360,360,360,360,360,360,360,360,360,360,360,360,360,360,360,360,360,360
128,Fremont High School,1,,Sunnyvale,CA,,331,6120,360,360,360,360,360,360,360,360,360,360,360,360,360,360,360,360,360,360,360,360,360,360,360,360,360,360,360,360,360
129,Fremont High School,2,,Sunnyvale,CA,,331,6120,360,360,360,360,360,360,360,360,360,360,360,360,360,360,360,360,360,360,360,360,360,360,360,360,360,360,360,360,360
130,Fremont High School,3,,Sunnyvale,CA,,331,6120,360,360,360,360,360,360,360,360,360,360,360,360,360,360,360,360,360,360,360,360,360,360,360,360,360,360,360,360,360
165,Lambert High School,C,,Suwanee,GA,,331,6120,360,360,360,360,360,360,360,360,360,360,360,360,360,360,360,360,360,360,360,360,360,360,360,360,360,360,360,360,360
208,North Carolina School of Science and Mathematics,3,,Morganton,NC,,331,6120,360,360,360,360,360,360,360,360,360,360,360,360,360,360,360,360,360,360,360,360,360,360,360,360,360,360,360,360,360
209,North Carolina School of Science and Mathematics,4,,Morganton,NC,,331,6120,360,360,360,360,360,360,360,360,360,360,360,360,360,360,360,360,360,360,360,360,360,360,360,360,360,360,360,360,360
297,South Cobb High School,,,Austell,GA,,331,6120,360,360,360,360,360,360,360,360,360,360,360,360,360,360,360,360,360,360,360,360,360,360,360,360,360,360,360,360,360
328,University High School,3,,Orlando,FL,,331,6120,360,360,360,360,360,360,360,360,360,360,360,360,360,360,360,360,360,360,360,360,360,360,360,360,360,360,360,360,360
329,University High School,4,,Orlando,FL,,331,6120,360,360,360,360,360,360,360,360,360,360,360,360,360,360,360,360,360,360,360,360,360,360,360,360,360,360,360,360,360
345,Westlake High School,,,Austin,TX,,331,6120,360,360,360,360,360,360,360,360,360,360,360,360,360,360,360,360,360,360,360,360,360,360,360,360,360,360,360,360,360
353,Winnetonka High School,,,Kansas City,MO,,331,6120,360,360,360,360,360,360,360,360,360,360,360,360,360,360,360,360,360,360,360,360,360,360,360,360,360,360,360,360,360